{"assets/images/Welcome.png":["assets/images/Welcome.png"],"assets/images/accounts.png":["assets/images/accounts.png"],"assets/images/blue_baloon.png":["assets/images/blue_baloon.png"],"assets/images/bottom_baloon.png":["assets/images/bottom_baloon.png"],"assets/images/card.png":["assets/images/card.png"],"assets/images/chart.png":["assets/images/chart.png"],"assets/images/circles.png":["assets/images/circles.png"],"assets/images/cropped_logo-white-bg.png":["assets/images/cropped_logo-white-bg.png"],"assets/images/cropped_logo.png":["assets/images/cropped_logo.png"],"assets/images/dollar.png":["assets/images/dollar.png"],"assets/images/dummy-avatar.png":["assets/images/dummy-avatar.png"],"assets/images/favicon.png":["assets/images/favicon.png"],"assets/images/gbp_flag.png":["assets/images/gbp_flag.png"],"assets/images/logo-small.png":["assets/images/logo-small.png"],"assets/images/logo.png":["assets/images/logo.png"],"assets/images/logo1.png":["assets/images/logo1.png"],"assets/images/logo_up.png":["assets/images/logo_up.png"],"assets/images/logo_updated.png":["assets/images/logo_updated.png"],"assets/images/logout.png":["assets/images/logout.png"],"assets/images/more.png":["assets/images/more.png"],"assets/images/new_logo.png":["assets/images/new_logo.png"],"assets/images/pink_baloon.png":["assets/images/pink_baloon.png"],"assets/images/profile.png":["assets/images/profile.png"],"assets/images/purple_baloon.png":["assets/images/purple_baloon.png"],"assets/images/sepa.png":["assets/images/sepa.png"],"assets/images/statements.png":["assets/images/statements.png"],"assets/images/swift.png":["assets/images/swift.png"],"assets/images/transfer-purple.png":["assets/images/transfer-purple.png"],"assets/images/transfer.png":["assets/images/transfer.png"],"assets/images/uk-faster.png":["assets/images/uk-faster.png"],"assets/images/up_logo.png":["assets/images/up_logo.png"],"assets/images/usd_flag.png":["assets/images/usd_flag.png"],"assets/images/users.png":["assets/images/users.png"],"packages/cupertino_icons/assets/CupertinoIcons.ttf":["packages/cupertino_icons/assets/CupertinoIcons.ttf"]}